60300_51_x,60300_51_y,60300_101_x,60300_101_y,60300_201_x,60300_201_y,60300_499_x,60300_499_y,60300_881_x,60300_881_y,603000_51_x,603000_51_y,603000_101_x,603000_101_y,603000_201_x,603000_201_y,603000_499_x,603000_499_y,603000_881_x,603000_881_y,6030000_51_x,6030000_51_y,6030000_101_x,6030000_101_y,6030000_201_x,6030000_201_y,6030000_499_x,6030000_499_y,6030000_881_x,6030000_881_y
0.0,1.0,0.0,1.0,0.0,1.0,0.0,1.0,0.0,1.0,0.0,1.0,0.0,1.0,0.0,1.0,0.0,1.0000000000000002,0.0,1.0,0.0,1.0,0.0,1.0000000000000002,0.0,0.9999999999999999,0.0,1.0,0.0,1.0
0.009433962264150943,0.9996950691099411,0.009433962264150943,0.9998385388424745,0.009433962264150943,0.9999052485859696,0.009433962264150943,0.999759219134607,0.009433962264150943,0.999882335137391,0.009433962264150943,0.9998582893778732,0.009433962264150943,0.9999422454328584,0.009433962264150943,0.9998851651003581,0.009433962264150943,0.9998963657194833,0.009433962264150943,0.9999343693471304,0.009433962264150943,0.9998451535317806,0.009433962264150943,0.999933320721073,0.009433962264150943,0.9999282884642188,0.009433962264150943,0.9999476845626135,0.009433962264150943,0.9999288932673156
0.018867924528301886,0.9985985283333174,0.018867924528301886,0.9971411846271626,0.018867924528301886,0.9983339480398107,0.018867924528301886,0.9971710674357388,0.018867924528301886,0.9960834509792371,0.018867924528301886,0.9992664784281847,0.018867924528301886,0.9991204416158751,0.018867924528301886,0.9992612098140978,0.018867924528301886,0.9991138759518229,0.018867924528301886,0.9991411265670822,0.018867924528301886,0.9990806133698774,0.018867924528301886,0.9992014201731884,0.018867924528301886,0.9992727539604278,0.018867924528301886,0.999193357455302,0.018867924528301886,0.9992704548329113
0.02830188679245283,0.9982186658950222,0.02830188679245283,0.996266883998904,0.02830188679245283,0.998255999169904,0.02830188679245283,0.9958525365827197,0.02830188679245283,0.9978474329311199,0.02830188679245283,0.999281992970086,0.02830188679245283,0.9993645418281206,0.02830188679245283,0.9993810511798528,0.02830188679245283,0.999539304284859,0.02830188679245283,0.9996363111241815,0.02830188679245283,0.9992724078100571,0.02830188679245283,0.9994858386441275,0.02830188679245283,0.9995402563409896,0.02830188679245283,0.9995281484870204,0.02830188679245283,0.9995136531585784
0.03773584905660377,0.9902243528954253,0.03773584905660377,0.9932729330286455,0.03773584905660377,0.9906893277692599,0.03773584905660377,0.9908692481530331,0.03773584905660377,0.9858960312334311,0.03773584905660377,0.9958170415127763,0.03773584905660377,0.9969312376398194,0.03773584905660377,0.9971152414079018,0.03773584905660377,0.997286395823817,0.03773584905660377,0.9976575876560725,0.03773584905660377,0.9958950052066675,0.03773584905660377,0.9974333479498495,0.03773584905660377,0.9976411951422184,0.03773584905660377,0.9974636473007912,0.03773584905660377,0.997430089345879
0.04716981132075472,0.9766599342500293,0.04716981132075472,0.9884800161019157,0.04716981132075472,0.9790492410000619,0.04716981132075472,0.9853576759099445,0.04716981132075472,0.9850044325163075,0.04716981132075472,0.9942644927916402,0.04716981132075472,0.9959235490040024,0.04716981132075472,0.9963998807868878,0.04716981132075472,0.9974500366118959,0.04716981132075472,0.9968881303163479,0.04716981132075472,0.9944725874030012,0.04716981132075472,0.9970627233470634,0.04716981132075472,0.9974781628963287,0.04716981132075472,0.9973484144858842,0.04716981132075472,0.9977059196502637
0.05660377358490566,0.9620251858215646,0.05660377358490566,0.9789331246379107,0.05660377358490566,0.9679018071319422,0.05660377358490566,0.9754424732355724,0.05660377358490566,0.9781733964819488,0.05660377358490566,0.9779795311677085,0.05660377358490566,0.9933667343482547,0.05660377358490566,0.9917529100147403,0.05660377358490566,0.9943580473686123,0.05660377358490566,0.9940718943477636,0.05660377358490566,0.9802798126116415,0.05660377358490566,0.9943561267415354,0.05660377358490566,0.993898876416599,0.05660377358490566,0.994110625991052,0.05660377358490566,0.994280595583963
0.0660377358490566,0.9656922612984382,0.0660377358490566,0.9770819098733695,0.0660377358490566,0.9800299571531795,0.0660377358490566,0.9766462051432165,0.0660377358490566,0.9823928569147445,0.0660377358490566,0.9665604324476447,0.0660377358490566,0.9934268175423118,0.0660377358490566,0.9903982062348137,0.0660377358490566,0.9919478723301013,0.0660377358490566,0.9912625263598082,0.0660377358490566,0.9677487383930241,0.0660377358490566,0.9936928840543183,0.0660377358490566,0.9938798817283906,0.0660377358490566,0.9943068278445253,0.0660377358490566,0.9947970093373828
0.07547169811320754,0.8594402161140566,0.07547169811320754,0.9601505900808739,0.07547169811320754,0.953913821963635,0.07547169811320754,0.9659940508743279,0.07547169811320754,0.9479934874957391,0.07547169811320754,0.887838906411197,0.07547169811320754,0.9931961499199397,0.07547169811320754,0.9921684947024673,0.07547169811320754,0.9898668870143457,0.07547169811320754,0.9913495616179306,0.07547169811320754,0.8856589674773033,0.07547169811320754,0.9947978635488538,0.07547169811320754,0.9949176023172652,0.07547169811320754,0.9941486369131937,0.07547169811320754,0.9948263583193285
0.08490566037735849,0.7957327270743287,0.08490566037735849,0.9062122122480669,0.08490566037735849,0.9105499952125534,0.08490566037735849,0.9101064259845105,0.08490566037735849,0.9122439019196978,0.08490566037735849,0.8159085822428339,0.08490566037735849,0.9801566521888488,0.08490566037735849,0.9807399878911185,0.08490566037735849,0.9805018918157158,0.08490566037735849,0.9819216607583936,0.08490566037735849,0.8216923219714769,0.08490566037735849,0.9892370334970251,0.08490566037735849,0.9896670461962717,0.08490566037735849,0.9875013116554555,0.08490566037735849,0.988037472047073
0.09433962264150944,0.706082245142749,0.09433962264150944,0.9278069053493078,0.09433962264150944,0.9167926077970945,0.09433962264150944,0.9231685693037596,0.09433962264150944,0.9173375089888168,0.09433962264150944,0.7424662861891718,0.09433962264150944,0.9902810744341303,0.09433962264150944,0.9867144068093832,0.09433962264150944,0.9830839993208184,0.09433962264150944,0.9847831742463564,0.09433962264150944,0.7480755269549888,0.09433962264150944,0.9908891005028603,0.09433962264150944,0.9908598994149436,0.09433962264150944,0.9909339326292584,0.09433962264150944,0.9911126676239473
0.10377358490566038,0.5717126308743596,0.10377358490566038,0.883106514500313,0.10377358490566038,0.9059258224327997,0.10377358490566038,0.8862842372097817,0.10377358490566038,0.8679224134986117,0.10377358490566038,0.6244416582622775,0.10377358490566038,0.9773447675682257,0.10377358490566038,0.9762774253365003,0.10377358490566038,0.973153816903717,0.10377358490566038,0.9748458510370913,0.10377358490566038,0.626832457999998,0.10377358490566038,0.9874823591162317,0.10377358490566038,0.9877575690690444,0.10377358490566038,0.9878747358833491,0.10377358490566038,0.9892781200775442
0.11320754716981132,0.8070813129002581,0.11320754716981132,0.9051247231641061,0.11320754716981132,0.8897358561774528,0.11320754716981132,0.9025730791337527,0.11320754716981132,0.8693233662310889,0.11320754716981132,0.8321804912144498,0.11320754716981132,0.9836980469530013,0.11320754716981132,0.9807018891950504,0.11320754716981132,0.97637565742171,0.11320754716981132,0.9818996932652303,0.11320754716981132,0.8407876684657434,0.11320754716981132,0.985940231655449,0.11320754716981132,0.989901812148429,0.11320754716981132,0.989970777864565,0.11320754716981132,0.9897286685430527
0.12264150943396226,0.6163114775652332,0.12264150943396226,0.801967487098714,0.12264150943396226,0.7920084724678816,0.12264150943396226,0.7887376368282017,0.12264150943396226,0.8046848186247401,0.12264150943396226,0.625946198141557,0.12264150943396226,0.9639357736707933,0.12264150943396226,0.9557327248492801,0.12264150943396226,0.9590195082411983,0.12264150943396226,0.9620089415027866,0.12264150943396226,0.6401891117771081,0.12264150943396226,0.9776045802261997,0.12264150943396226,0.9781691069370565,0.12264150943396226,0.9797785116845106,0.12264150943396226,0.9799554328910847
0.1320754716981132,0.6182475824185392,0.1320754716981132,0.7801000569789975,0.1320754716981132,0.7890622690378135,0.1320754716981132,0.7928346947909766,0.1320754716981132,0.7877880020410835,0.1320754716981132,0.6049882150253632,0.1320754716981132,0.9418518766256825,0.1320754716981132,0.9619781883527604,0.1320754716981132,0.9497024473816698,0.1320754716981132,0.9548602092235238,0.1320754716981132,0.6330799105465423,0.1320754716981132,0.95763462941753,0.1320754716981132,0.9828753550905289,0.1320754716981132,0.9809701664388549,0.1320754716981132,0.9821005505049045
0.14150943396226415,0.6412939634318369,0.14150943396226415,0.7596070622323972,0.14150943396226415,0.7769512276674637,0.14150943396226415,0.797618003240153,0.14150943396226415,0.8340238500366863,0.14150943396226415,0.6834232449849127,0.14150943396226415,0.893088323615772,0.14150943396226415,0.9510571479257376,0.14150943396226415,0.9583191744010723,0.14150943396226415,0.9559035695040285,0.14150943396226415,0.6833652508099624,0.14150943396226415,0.9177249358551703,0.14150943396226415,0.9833278850524932,0.14150943396226415,0.9834232894175589,0.14150943396226415,0.9796696445296177
0.1509433962264151,0.5209505241327498,0.1509433962264151,0.7501531281885125,0.1509433962264151,0.7613617356464407,0.1509433962264151,0.8161975252298521,0.1509433962264151,0.7783652359271098,0.1509433962264151,0.6037698181720894,0.1509433962264151,0.8635579796502676,0.1509433962264151,0.9532418232223848,0.1509433962264151,0.9577900984829947,0.1509433962264151,0.9454451427189665,0.1509433962264151,0.6037099492324723,0.1509433962264151,0.8827147606331719,0.1509433962264151,0.9841737577887162,0.1509433962264151,0.9827681519492493,0.1509433962264151,0.9809295662300176
0.16037735849056603,0.47902384690366523,0.16037735849056603,0.7009446886639965,0.16037735849056603,0.7572213224259879,0.16037735849056603,0.7184818421055167,0.16037735849056603,0.688000618091299,0.16037735849056603,0.5199338722202106,0.16037735849056603,0.8607772336490632,0.16037735849056603,0.9281619757539241,0.16037735849056603,0.9151194360768772,0.16037735849056603,0.9123572352471694,0.16037735849056603,0.5258979502123247,0.16037735849056603,0.8545826192757966,0.16037735849056603,0.9689864606047376,0.16037735849056603,0.9707757299076903,0.16037735849056603,0.968672999373304
0.16981132075471697,0.3958635026683769,0.16981132075471697,0.5841730881860897,0.16981132075471697,0.6425822038668153,0.16981132075471697,0.5852350927089278,0.16981132075471697,0.6738636159967824,0.16981132075471697,0.4702501899046819,0.16981132075471697,0.7558854907770634,0.16981132075471697,0.9144848766263494,0.16981132075471697,0.8915208926345751,0.16981132075471697,0.904877207514307,0.16981132075471697,0.488108918581738,0.16981132075471697,0.7985101976709222,0.16981132075471697,0.9661428789326463,0.16981132075471697,0.9698678578867345,0.16981132075471697,0.9682666520815175
0.1792452830188679,0.4683970606617404,0.1792452830188679,0.6027403459638241,0.1792452830188679,0.6124027132438149,0.1792452830188679,0.6179045609260503,0.1792452830188679,0.695453803013216,0.1792452830188679,0.5639487101762981,0.1792452830188679,0.7411087812325132,0.1792452830188679,0.9258371061917348,0.1792452830188679,0.9187257584813061,0.1792452830188679,0.9113512639724689,0.1792452830188679,0.5695103545777309,0.1792452830188679,0.78533510919734,0.1792452830188679,0.9711339150674911,0.1792452830188679,0.9696404221915977,0.1792452830188679,0.96816905018252
0.18867924528301888,0.509917840480591,0.18867924528301888,0.504986870966717,0.18867924528301888,0.6315791853200674,0.18867924528301888,0.5110017660495081,0.18867924528301888,0.4397508977512069,0.18867924528301888,0.46994697090586907,0.18867924528301888,0.6655151253497165,0.18867924528301888,0.8490724422040913,0.18867924528301888,0.8541951474802679,0.18867924528301888,0.8430258393751604,0.18867924528301888,0.4997853406141095,0.18867924528301888,0.7114859150677606,0.18867924528301888,0.948814353681562,0.18867924528301888,0.9451793677283593,0.18867924528301888,0.9457971731690017
0.19811320754716982,0.4295480089648902,0.19811320754716982,0.5050400659255189,0.19811320754716982,0.5547343384279628,0.19811320754716982,0.5647964889752805,0.19811320754716982,0.526048544375877,0.19811320754716982,0.511778012410536,0.19811320754716982,0.7219674695066621,0.19811320754716982,0.8534361900220372,0.19811320754716982,0.8629122504913014,0.19811320754716982,0.861436775934646,0.19811320754716982,0.4807978921850317,0.19811320754716982,0.7341852840499966,0.19811320754716982,0.9539233778306299,0.19811320754716982,0.9549706182201859,0.19811320754716982,0.9538567601477769
0.20754716981132076,0.44530366853876485,0.20754716981132076,0.43764829796394344,0.20754716981132076,0.48317363818228554,0.20754716981132076,0.5859270434453592,0.20754716981132076,0.4635510216735163,0.20754716981132076,0.5468066587249202,0.20754716981132076,0.6936879672696572,0.20754716981132076,0.8227066842695805,0.20754716981132076,0.8449180815692973,0.20754716981132076,0.8488215602107202,0.20754716981132076,0.5342531991319694,0.20754716981132076,0.7051532861652307,0.20754716981132076,0.9465786906132578,0.20754716981132076,0.9424567131549435,0.20754716981132076,0.9352084106221082
0.2169811320754717,0.4674436299885417,0.2169811320754717,0.42926718242575507,0.2169811320754717,0.5473149828899747,0.2169811320754717,0.4095289446630232,0.2169811320754717,0.44660060557756337,0.2169811320754717,0.5120339314522784,0.2169811320754717,0.5555998833282909,0.2169811320754717,0.8196414715034168,0.2169811320754717,0.7333601176048166,0.2169811320754717,0.7952301482988916,0.2169811320754717,0.49892854370402384,0.2169811320754717,0.6221317725264622,0.2169811320754717,0.9405145102041046,0.2169811320754717,0.9359531869881381,0.2169811320754717,0.9418752463441965
0.22641509433962265,0.3506336093639384,0.22641509433962265,0.37749812192819726,0.22641509433962265,0.4640372522506994,0.22641509433962265,0.4381435053752364,0.22641509433962265,0.39285022637524203,0.22641509433962265,0.4019135037636409,0.22641509433962265,0.5742035166787237,0.22641509433962265,0.7956832622543287,0.22641509433962265,0.771071412200309,0.22641509433962265,0.7498151250915821,0.22641509433962265,0.42292587954508504,0.22641509433962265,0.5835850980421843,0.22641509433962265,0.9278098211301488,0.22641509433962265,0.9300465208451464,0.22641509433962265,0.9180865942314614
0.2358490566037736,0.3938559428254579,0.2358490566037736,0.44493615519866464,0.2358490566037736,0.5029961421568275,0.2358490566037736,0.38803110565279253,0.2358490566037736,0.360023141412755,0.2358490566037736,0.5336627919152501,0.2358490566037736,0.5913958993163705,0.2358490566037736,0.7819800171710145,0.2358490566037736,0.761153137252689,0.2358490566037736,0.773888617048286,0.2358490566037736,0.5467705735838018,0.2358490566037736,0.6440284509221688,0.2358490566037736,0.9294083421120817,0.2358490566037736,0.9305588977889038,0.2358490566037736,0.9318375391605433
0.24528301886792453,0.40050568979503454,0.24528301886792453,0.39808626965689964,0.24528301886792453,0.399467881183147,0.24528301886792453,0.4482856112648429,0.24528301886792453,0.3660812652063707,0.24528301886792453,0.45351399630897754,0.24528301886792453,0.5881718590217468,0.24528301886792453,0.7573216833191376,0.24528301886792453,0.730255986858334,0.24528301886792453,0.7739620247453192,0.24528301886792453,0.4536067191662347,0.24528301886792453,0.6221225451290759,0.24528301886792453,0.9052845188331787,0.24528301886792453,0.9203858359408584,0.24528301886792453,0.9248030943694588
0.25471698113207547,0.317263616077184,0.25471698113207547,0.323517428209441,0.25471698113207547,0.41079199031736774,0.25471698113207547,0.2823874098046568,0.25471698113207547,0.4053406992982846,0.25471698113207547,0.48042743353163514,0.25471698113207547,0.6181772828546168,0.25471698113207547,0.664746577487373,0.25471698113207547,0.6574006109023038,0.25471698113207547,0.7163094633542278,0.25471698113207547,0.47813608193617024,0.25471698113207547,0.629598401068873,0.25471698113207547,0.9050493943931714,0.25471698113207547,0.9028600541262791,0.25471698113207547,0.9123573780746334
0.2641509433962264,0.36136076730983274,0.2641509433962264,0.32171042890359913,0.2641509433962264,0.3345067470840461,0.2641509433962264,0.37246403351280727,0.2641509433962264,0.34255588613338966,0.2641509433962264,0.5110404472751506,0.2641509433962264,0.5806475862846522,0.2641509433962264,0.749983985825195,0.2641509433962264,0.7246546977056909,0.2641509433962264,0.6932557851301402,0.2641509433962264,0.4986978467856601,0.2641509433962264,0.6123756339073156,0.2641509433962264,0.8937217264693648,0.2641509433962264,0.9269907348529632,0.2641509433962264,0.9173407250684087
0.27358490566037735,0.3116411203254118,0.27358490566037735,0.40599814349182367,0.27358490566037735,0.2750052877183478,0.27358490566037735,0.2927519121796446,0.27358490566037735,0.27264768194493816,0.27358490566037735,0.4083822025897009,0.27358490566037735,0.5273612101128374,0.27358490566037735,0.634754406176426,0.27358490566037735,0.6646190654947944,0.27358490566037735,0.682418732534686,0.27358490566037735,0.43825762729929096,0.27358490566037735,0.6275228775694989,0.27358490566037735,0.849195160141624,0.27358490566037735,0.8875292502249255,0.27358490566037735,0.871348262187098
0.2830188679245283,0.21828510657124992,0.2830188679245283,0.3373233852904489,0.2830188679245283,0.286114121070625,0.2830188679245283,0.27973570546723037,0.2830188679245283,0.38586105571208046,0.2830188679245283,0.37448964413726005,0.2830188679245283,0.5667912510804227,0.2830188679245283,0.6840073250909232,0.2830188679245283,0.6460271203892174,0.2830188679245283,0.6462506606518287,0.2830188679245283,0.4007555783885694,0.2830188679245283,0.6388595180522466,0.2830188679245283,0.8400046477207913,0.2830188679245283,0.9024626688722029,0.2830188679245283,0.8912770356893569
0.29245283018867924,0.33027997599656034,0.29245283018867924,0.2995219655449916,0.29245283018867924,0.37301509825943696,0.29245283018867924,0.33876920906229846,0.29245283018867924,0.2390091456631448,0.29245283018867924,0.36634165927624285,0.29245283018867924,0.49583448339461544,0.29245283018867924,0.5868008743597986,0.29245283018867924,0.5387907602890706,0.29245283018867924,0.5255845036515626,0.29245283018867924,0.3941404672341736,0.29245283018867924,0.5463331493448326,0.29245283018867924,0.7930012890799097,0.29245283018867924,0.8747701716434106,0.29245283018867924,0.8909042439040243
0.3018867924528302,0.24073345943208127,0.3018867924528302,0.2806578168442798,0.3018867924528302,0.2663157668044373,0.3018867924528302,0.18070831217275735,0.3018867924528302,0.3222163646161872,0.3018867924528302,0.34558739798052424,0.3018867924528302,0.46443204769339347,0.3018867924528302,0.5873462706002626,0.3018867924528302,0.5877803526174485,0.3018867924528302,0.6097193679427145,0.3018867924528302,0.3781665374892401,0.3018867924528302,0.527016913426621,0.3018867924528302,0.7585415724656831,0.3018867924528302,0.8533476227286352,0.3018867924528302,0.8543226968811503
0.3113207547169811,0.13374769921166255,0.3113207547169811,0.1543473342165867,0.3113207547169811,0.25636119015624514,0.3113207547169811,0.311541249596155,0.3113207547169811,0.18709299895491488,0.3113207547169811,0.2674864605383518,0.3113207547169811,0.35925080337998727,0.3113207547169811,0.5232069255985864,0.3113207547169811,0.534190156515996,0.3113207547169811,0.5096620288564582,0.3113207547169811,0.2936627558741682,0.3113207547169811,0.47763377813792285,0.3113207547169811,0.7686568354477505,0.3113207547169811,0.8409893306824401,0.3113207547169811,0.8424089309435703
0.32075471698113206,0.22976272482540303,0.32075471698113206,0.2529084620605779,0.32075471698113206,0.21992827801952197,0.32075471698113206,0.26890068732213496,0.32075471698113206,0.23406387106891038,0.32075471698113206,0.3401153554113119,0.32075471698113206,0.49154813140161463,0.32075471698113206,0.4600231390422103,0.32075471698113206,0.5935845805345298,0.32075471698113206,0.5546790718827134,0.32075471698113206,0.37071166012874474,0.32075471698113206,0.533918250200029,0.32075471698113206,0.7613411237061544,0.32075471698113206,0.8454973322864501,0.32075471698113206,0.865411203896375
0.330188679245283,0.31619256795202505,0.330188679245283,0.25100927516607235,0.330188679245283,0.24011977809407306,0.330188679245283,0.1248027331324447,0.330188679245283,0.21648033451733412,0.330188679245283,0.33075218838951587,0.330188679245283,0.4058873245949339,0.330188679245283,0.4450000710531252,0.330188679245283,0.5312276805820851,0.330188679245283,0.48792130801565636,0.330188679245283,0.37450505034251064,0.330188679245283,0.5201307282298808,0.330188679245283,0.6765068918423822,0.330188679245283,0.8313325454590205,0.330188679245283,0.794433210266009
0.33962264150943394,0.2106239761843387,0.33962264150943394,0.22141906421636856,0.33962264150943394,0.15711892793313365,0.33962264150943394,0.267878388136502,0.33962264150943394,0.2040447471698504,0.33962264150943394,0.40816258238792097,0.33962264150943394,0.4518923057249154,0.33962264150943394,0.4301193859981509,0.33962264150943394,0.5615610139695332,0.33962264150943394,0.454091188794475,0.33962264150943394,0.42651341964516004,0.33962264150943394,0.5185138459595838,0.33962264150943394,0.7098013129197042,0.33962264150943394,0.8211336871167075,0.33962264150943394,0.8031233796659235
0.3490566037735849,0.25587581537384724,0.3490566037735849,0.35924404205037924,0.3490566037735849,0.2783384499401529,0.3490566037735849,0.2261599553502193,0.3490566037735849,0.28049130023205004,0.3490566037735849,0.3339407944178142,0.3490566037735849,0.4712918844550227,0.3490566037735849,0.4484471682581706,0.3490566037735849,0.5083278109984011,0.3490566037735849,0.4697264605500287,0.3490566037735849,0.3787478088575571,0.3490566037735849,0.5535560999481246,0.3490566037735849,0.6913505109832475,0.3490566037735849,0.7816962385796988,0.3490566037735849,0.7949445775110419
0.3584905660377358,0.3399430639570226,0.3584905660377358,0.16829232720943163,0.3584905660377358,0.25844642907311216,0.3584905660377358,0.13412016013133699,0.3584905660377358,0.25691483105883145,0.3584905660377358,0.48410445959761594,0.3584905660377358,0.42749985837884114,0.3584905660377358,0.41065738690626297,0.3584905660377358,0.5088710199469424,0.3584905660377358,0.41201725131441846,0.3584905660377358,0.5557322753637671,0.3584905660377358,0.5009712809352171,0.3584905660377358,0.6737842337349628,0.3584905660377358,0.7763621760704731,0.3584905660377358,0.769253832423814
0.36792452830188677,0.164290894110821,0.36792452830188677,0.27147902709776933,0.36792452830188677,0.22546122425682724,0.36792452830188677,0.2001022176193269,0.36792452830188677,0.13954902527036914,0.36792452830188677,0.19604212691814987,0.36792452830188677,0.39062360679648,0.36792452830188677,0.37018800398748086,0.36792452830188677,0.2972189496411032,0.36792452830188677,0.3498593490399188,0.36792452830188677,0.27783971411954195,0.36792452830188677,0.4429504778669609,0.36792452830188677,0.6218802687728254,0.36792452830188677,0.7017159772826439,0.36792452830188677,0.7119510668746639
0.37735849056603776,0.18047128199717874,0.37735849056603776,0.20171961861324664,0.37735849056603776,0.08181169967461606,0.37735849056603776,0.044132125402677996,0.37735849056603776,0.15757059718991262,0.37735849056603776,0.3081104122166427,0.37735849056603776,0.259530297235331,0.37735849056603776,0.3098997350380903,0.37735849056603776,0.44101322034463575,0.37735849056603776,0.37133672844273635,0.37735849056603776,0.3612031700327438,0.37735849056603776,0.4491069353920947,0.37735849056603776,0.5335300953969154,0.37735849056603776,0.691145828631258,0.37735849056603776,0.6977044563364446
0.3867924528301887,0.29662621158831937,0.3867924528301887,0.0994855548878355,0.3867924528301887,0.1301483210166301,0.3867924528301887,0.19528918693976718,0.3867924528301887,0.1697829610810488,0.3867924528301887,0.34154762780919695,0.3867924528301887,0.3480856119359057,0.3867924528301887,0.3926321521026879,0.3867924528301887,0.3453615293504056,0.3867924528301887,0.38568373456064425,0.3867924528301887,0.36845490769251077,0.3867924528301887,0.485882502069504,0.3867924528301887,0.599046143915472,0.3867924528301887,0.7203279743871762,0.3867924528301887,0.7108000228832562
0.39622641509433965,0.2038235292998032,0.39622641509433965,0.1289577291997342,0.39622641509433965,0.19881048963324272,0.39622641509433965,0.16777697150907198,0.39622641509433965,0.07331740298300714,0.39622641509433965,0.256918983091791,0.39622641509433965,0.2971468022720867,0.39622641509433965,0.32970443235994584,0.39622641509433965,0.3666627568494353,0.39622641509433965,0.32072177209382824,0.39622641509433965,0.266475168866986,0.39622641509433965,0.4493487019680324,0.39622641509433965,0.5718451097069599,0.39622641509433965,0.6752496212600481,0.39622641509433965,0.6581855694910161
0.4056603773584906,-0.009894642075173536,0.4056603773584906,0.1511221851747759,0.4056603773584906,0.16709305801591184,0.4056603773584906,0.24727701436101215,0.4056603773584906,0.14244225089881102,0.4056603773584906,0.32337662343078916,0.4056603773584906,0.30923227821136967,0.4056603773584906,0.36339859135335,0.4056603773584906,0.28719482689022174,0.4056603773584906,0.36806022228971835,0.4056603773584906,0.3170301047882829,0.4056603773584906,0.38769094192436726,0.4056603773584906,0.5484361788788678,0.4056603773584906,0.6940684600798448,0.4056603773584906,0.6700747694130603
0.41509433962264153,0.2705247808530898,0.41509433962264153,0.20208620165545702,0.41509433962264153,0.15448710329608323,0.41509433962264153,0.11059634721348215,0.41509433962264153,0.14836867494844688,0.41509433962264153,0.38455632575074794,0.41509433962264153,0.3528264075358251,0.41509433962264153,0.36785839984517943,0.41509433962264153,0.3193810928170854,0.41509433962264153,0.4253003766775306,0.41509433962264153,0.41801056700374367,0.41509433962264153,0.4640232978441578,0.41509433962264153,0.5616124126492433,0.41509433962264153,0.6697798346563316,0.41509433962264153,0.6394680881392794
0.42452830188679247,0.08906969945064903,0.42452830188679247,0.12250936991934261,0.42452830188679247,0.07583759989123408,0.42452830188679247,0.2244881475364581,0.42452830188679247,0.2574660395939717,0.42452830188679247,0.25490836652599624,0.42452830188679247,0.27299902157126343,0.42452830188679247,0.28526719983065874,0.42452830188679247,0.36199014482583997,0.42452830188679247,0.3138803492738309,0.42452830188679247,0.30450378323471994,0.42452830188679247,0.4033080843055878,0.42452830188679247,0.5140098708185653,0.42452830188679247,0.6165059585457521,0.42452830188679247,0.586313268202897
0.4339622641509434,0.1227752208256851,0.4339622641509434,0.17104195103992045,0.4339622641509434,0.1563437397456818,0.4339622641509434,0.10665509964274796,0.4339622641509434,0.08961522752536845,0.4339622641509434,0.34046247972203003,0.4339622641509434,0.3125118889476109,0.4339622641509434,0.31330663372907896,0.4339622641509434,0.27648502340901226,0.4339622641509434,0.22336785902985382,0.4339622641509434,0.3638740968445636,0.4339622641509434,0.45756476107746374,0.4339622641509434,0.5442865795083929,0.4339622641509434,0.6364240385243046,0.4339622641509434,0.627752695360875
0.44339622641509435,0.21729756623412344,0.44339622641509435,0.14931144776584865,0.44339622641509435,0.15309543649192697,0.44339622641509435,0.08392190205976666,0.44339622641509435,0.08794823875800042,0.44339622641509435,0.27450334912599256,0.44339622641509435,0.3402204334613891,0.44339622641509435,0.2663889997833233,0.44339622641509435,0.26268126423887944,0.44339622641509435,0.27228128764716714,0.44339622641509435,0.3644461821117205,0.44339622641509435,0.4419348345331806,0.44339622641509435,0.4814286412517888,0.44339622641509435,0.6202177384836628,0.44339622641509435,0.562937166680933
0.4528301886792453,0.134132576372321,0.4528301886792453,0.035628381641091826,0.4528301886792453,0.11772446413415814,0.4528301886792453,0.231829604354531,0.4528301886792453,-0.02242522764292519,0.4528301886792453,0.24845416438320372,0.4528301886792453,0.2099298905011019,0.4528301886792453,0.18933327559242016,0.4528301886792453,0.2637203460049354,0.4528301886792453,0.23222130902758092,0.4528301886792453,0.26983357655121454,0.4528301886792453,0.37143808957437263,0.4528301886792453,0.4781835358107359,0.4528301886792453,0.5389441208792545,0.4528301886792453,0.531272213226848
0.46226415094339623,0.1752346776811235,0.46226415094339623,0.04413446975728558,0.46226415094339623,0.030947325928501978,0.46226415094339623,0.17492532938890437,0.46226415094339623,0.07889913289077354,0.46226415094339623,0.26033132497706635,0.46226415094339623,0.2528936435170115,0.46226415094339623,0.27003229656184713,0.46226415094339623,0.25105999825032616,0.46226415094339623,0.21042136132146955,0.46226415094339623,0.26319226507260146,0.46226415094339623,0.2940661805466898,0.46226415094339623,0.5076119711482978,0.46226415094339623,0.4198720377854027,0.46226415094339623,0.5693676969040907
0.4716981132075472,0.12345993182812706,0.4716981132075472,0.01815985372278728,0.4716981132075472,0.10504445176488354,0.4716981132075472,0.04809814019462941,0.4716981132075472,0.09302522453056586,0.4716981132075472,0.19315017946704294,0.4716981132075472,0.24268971014904872,0.4716981132075472,0.17414307859114234,0.4716981132075472,0.14854927072444601,0.4716981132075472,0.27252521529257123,0.4716981132075472,0.2607499073944211,0.4716981132075472,0.3076138076927651,0.4716981132075472,0.45912100066344713,0.4716981132075472,0.47638311051775833,0.4716981132075472,0.505524231837956
0.4811320754716981,0.14874198501853528,0.4811320754716981,0.04516712184259173,0.4811320754716981,0.12712372774984934,0.4811320754716981,0.09551754843747308,0.4811320754716981,0.13429934393226295,0.4811320754716981,0.28862858464754815,0.4811320754716981,0.2955188452777484,0.4811320754716981,0.19333710874712498,0.4811320754716981,0.26507369711261464,0.4811320754716981,0.24278534601789348,0.4811320754716981,0.28517107456563473,0.4811320754716981,0.3688106226618401,0.4811320754716981,0.4328416326571797,0.4811320754716981,0.529980880673284,0.4811320754716981,0.49639540437052815
0.49056603773584906,0.07298465204091636,0.49056603773584906,0.07936261789717493,0.49056603773584906,0.09783021577391401,0.49056603773584906,0.14095954115753628,0.49056603773584906,-0.02982035275738252,0.49056603773584906,0.2086547907635941,0.49056603773584906,0.14912708880683445,0.49056603773584906,0.19964052624520612,0.49056603773584906,0.1770928316095037,0.49056603773584906,0.11720780429314312,0.49056603773584906,0.21651991053426814,0.49056603773584906,0.2777577109622651,0.49056603773584906,0.33939030053057084,0.49056603773584906,0.4440239202069137,0.49056603773584906,0.40309962403057337
0.5,0.042250017591876646,0.5,0.13806212072577934,0.5,0.1668083506654489,0.5,0.08622735393136008,0.5,0.05785536605507623,0.5,0.2714297565837737,0.5,0.18028708209408273,0.5,0.2565127088548372,0.5,0.07400957310101934,0.5,0.29113388996038503,0.5,0.3163761308024074,0.5,0.35074895738535106,0.5,0.4152951033790546,0.5,0.42841308969033326,0.5,0.45717837616445783
0.5094339622641509,0.05941312426247334,0.5094339622641509,0.08758251683042599,0.5094339622641509,0.10546096399269365,0.5094339622641509,0.1269288320052759,0.5094339622641509,0.1561812763561745,0.5094339622641509,0.2594315930342885,0.5094339622641509,0.22198999612595158,0.5094339622641509,0.13977726996105275,0.5094339622641509,0.22206751137730762,0.5094339622641509,0.23325907757483233,0.5094339622641509,0.2817427281314491,0.5094339622641509,0.3197342053517556,0.5094339622641509,0.3655500960560954,0.5094339622641509,0.4374035188096067,0.5094339622641509,0.420599564696525
0.5188679245283019,0.1218955965297932,0.5188679245283019,0.04868603163716665,0.5188679245283019,0.09432911212164098,0.5188679245283019,0.18938603328979056,0.5188679245283019,0.0508137042400046,0.5188679245283019,0.20439032363385087,0.5188679245283019,0.1808593610868844,0.5188679245283019,0.17221749055917823,0.5188679245283019,0.218633716106615,0.5188679245283019,0.23205608031415584,0.5188679245283019,0.2293116751589966,0.5188679245283019,0.32521435537507065,0.5188679245283019,0.34539708271399316,0.5188679245283019,0.46772440979132274,0.5188679245283019,0.45906973195450274
0.5283018867924528,0.16111834772713524,0.5283018867924528,0.12047200941943353,0.5283018867924528,0.1270386288672208,0.5283018867924528,0.20636250557387567,0.5283018867924528,0.019272338908786973,0.5283018867924528,0.2419741767720703,0.5283018867924528,0.2903722566394634,0.5283018867924528,0.1833971950504155,0.5283018867924528,0.2344101712031226,0.5283018867924528,0.2259807490072616,0.5283018867924528,0.3019764884531583,0.5283018867924528,0.37150585759284066,0.5283018867924528,0.39968022549660215,0.5283018867924528,0.40688702595699255,0.5283018867924528,0.43023574883231464
0.5377358490566038,0.1462594169085821,0.5377358490566038,0.0412176409049942,0.5377358490566038,0.14608928217900854,0.5377358490566038,0.16856110936721885,0.5377358490566038,0.04859799678901499,0.5377358490566038,0.2913624467715321,0.5377358490566038,0.19346798540371435,0.5377358490566038,0.17131561140745336,0.5377358490566038,0.13272303277187047,0.5377358490566038,0.1443012850553639,0.5377358490566038,0.343370021446665,0.5377358490566038,0.3871193885324097,0.5377358490566038,0.32700173528715176,0.5377358490566038,0.4166325326701711,0.5377358490566038,0.3685214849269402
0.5471698113207547,0.10259756085666466,0.5471698113207547,0.12040316208415232,0.5471698113207547,0.08782605026441251,0.5471698113207547,-0.024432773257670033,0.5471698113207547,-0.029720870956396715,0.5471698113207547,0.1506868272130448,0.5471698113207547,0.2715923175682464,0.5471698113207547,0.2076177423705746,0.5471698113207547,0.11856719110729758,0.5471698113207547,0.09771845982599181,0.5471698113207547,0.19686863737794677,0.5471698113207547,0.29910354281503976,0.5471698113207547,0.3458664780806251,0.5471698113207547,0.31975668970543547,0.5471698113207547,0.370022780790554
0.5566037735849056,0.09221969996386464,0.5566037735849056,0.12076916887091393,0.5566037735849056,0.06347548685484306,0.5566037735849056,0.04978907404256479,0.5566037735849056,0.12861527054583374,0.5566037735849056,0.1992485144948673,0.5566037735849056,0.19071258216932435,0.5566037735849056,0.24284343137272077,0.5566037735849056,0.18350306914111744,0.5566037735849056,0.12092650895806645,0.5566037735849056,0.28255077830793934,0.5566037735849056,0.36061908800753717,0.5566037735849056,0.3003997611241338,0.5566037735849056,0.32805686037298915,0.5566037735849056,0.28587156880617354
0.5660377358490566,0.05162139560726531,0.5660377358490566,0.11885829314437815,0.5660377358490566,0.11593755640472646,0.5660377358490566,0.1544049307885425,0.5660377358490566,0.046055998203904346,0.5660377358490566,0.18825682828536083,0.5660377358490566,0.11625456810339256,0.5660377358490566,0.17268614502619933,0.5660377358490566,0.08517222920045694,0.5660377358490566,0.14939915628642836,0.5660377358490566,0.3048141757639382,0.5660377358490566,0.22780827272513524,0.5660377358490566,0.3417363130352925,0.5660377358490566,0.34602865742958966,0.5660377358490566,0.2904549997282076
0.5754716981132075,0.16141601441403686,0.5754716981132075,0.10442385558523103,0.5754716981132075,0.1130173208558159,0.5754716981132075,0.09053784027773511,0.5754716981132075,0.08252753339161417,0.5754716981132075,0.25015908827463107,0.5754716981132075,0.1806941216794595,0.5754716981132075,0.18845866436340802,0.5754716981132075,0.1911170787535596,0.5754716981132075,0.20463047311749394,0.5754716981132075,0.2878155121476851,0.5754716981132075,0.27262117094954463,0.5754716981132075,0.30665374474556145,0.5754716981132075,0.31769174000218237,0.5754716981132075,0.2853784738785886
0.5849056603773585,0.11282694624712193,0.5849056603773585,0.03591039662908172,0.5849056603773585,0.026915966487598357,0.5849056603773585,0.07020492375997844,0.5849056603773585,0.1024378137070757,0.5849056603773585,0.185384054317858,0.5849056603773585,0.13664076867682468,0.5849056603773585,0.12411647740493012,0.5849056603773585,0.018762818539801825,0.5849056603773585,0.07490803955287524,0.5849056603773585,0.1967154432891957,0.5849056603773585,0.28455282250503094,0.5849056603773585,0.23764154355533404,0.5849056603773585,0.31788435105376056,0.5849056603773585,0.3398170743738126
0.5943396226415094,0.13217080498455477,0.5943396226415094,0.04858140521222131,0.5943396226415094,0.11427011562572524,0.5943396226415094,0.03546120501661003,0.5943396226415094,-0.04518378788834315,0.5943396226415094,0.1868574335505854,0.5943396226415094,0.08474942457869047,0.5943396226415094,0.06616073170068905,0.5943396226415094,0.07920774445367068,0.5943396226415094,0.12730120102360437,0.5943396226415094,0.1953148731117153,0.5943396226415094,0.2940947993061675,0.5943396226415094,0.2498359443881793,0.5943396226415094,0.2561222123249615,0.5943396226415094,0.27374589000636984
0.6037735849056604,0.05249597811915853,0.6037735849056604,0.04516243911766428,0.6037735849056604,0.06385028361997692,0.6037735849056604,-0.014248536551973839,0.6037735849056604,0.13584545877130283,0.6037735849056604,0.18973581350818047,0.6037735849056604,0.16782321991466134,0.6037735849056604,0.13361141393549955,0.6037735849056604,0.12469628726200417,0.6037735849056604,0.1338626933869726,0.6037735849056604,0.22191692256967352,0.6037735849056604,0.25190775963193085,0.6037735849056604,0.32742052209188194,0.6037735849056604,0.2888549812917604,0.6037735849056604,0.22443502050180772
0.6132075471698113,0.039176869332962994,0.6132075471698113,0.043788354574329426,0.6132075471698113,0.14526489758372355,0.6132075471698113,-0.011550545354173897,0.6132075471698113,0.05682020381532919,0.6132075471698113,0.11019482920032998,0.6132075471698113,0.22757805071773402,0.6132075471698113,0.1526900139441879,0.6132075471698113,0.02468029718102838,0.6132075471698113,0.17578536611110013,0.6132075471698113,0.2719511710568179,0.6132075471698113,0.3255343352948076,0.6132075471698113,0.28781926654947165,0.6132075471698113,0.26886682419077107,0.6132075471698113,0.2586376083508989
0.6226415094339622,0.14706763383103355,0.6226415094339622,0.18694344818659722,0.6226415094339622,-0.060732211157821056,0.6226415094339622,0.06135058428353096,0.6226415094339622,0.048207884572447714,0.6226415094339622,0.246194562338024,0.6226415094339622,0.168950340010723,0.6226415094339622,0.1572569898310187,0.6226415094339622,0.1943523904071965,0.6226415094339622,0.047278971314200224,0.6226415094339622,0.2559697124512145,0.6226415094339622,0.31416697428711715,0.6226415094339622,0.3068241677611502,0.6226415094339622,0.31389690982023305,0.6226415094339622,0.28059997806125253
0.6320754716981132,0.2327412083293822,0.6320754716981132,0.1536096199523506,0.6320754716981132,0.2407232074687691,0.6320754716981132,0.15833445505663177,0.6320754716981132,0.04701776086680157,0.6320754716981132,0.30516999653271193,0.6320754716981132,0.2554628062400957,0.6320754716981132,0.2123332796297672,0.6320754716981132,0.14429341531168516,0.6320754716981132,0.1734339317909472,0.6320754716981132,0.37473720903959457,0.6320754716981132,0.3605176250635051,0.6320754716981132,0.39150465796534645,0.6320754716981132,0.29540932971327466,0.6320754716981132,0.24971203984396712
0.6415094339622641,0.08824869967099107,0.6415094339622641,0.07526060305826403,0.6415094339622641,0.08536472363885819,0.6415094339622641,0.11208526886812621,0.6415094339622641,0.08831219567302076,0.6415094339622641,0.08950370297128725,0.6415094339622641,0.1101186465116681,0.6415094339622641,0.1407882989430832,0.6415094339622641,0.05343396101256908,0.6415094339622641,0.13146970930127197,0.6415094339622641,0.22583414678807204,0.6415094339622641,0.2675206627135587,0.6415094339622641,0.29504267593515376,0.6415094339622641,0.21713252588949225,0.6415094339622641,0.2467423443827308
0.6509433962264151,0.06517697534446708,0.6509433962264151,0.1204590849953577,0.6509433962264151,0.08639519525425354,0.6509433962264151,0.011048547837765729,0.6509433962264151,0.07193564829156693,0.6509433962264151,0.14773738677158665,0.6509433962264151,0.11164312423288418,0.6509433962264151,0.13430137751472787,0.6509433962264151,0.1354035456519345,0.6509433962264151,0.1002406237508911,0.6509433962264151,0.19316662319750397,0.6509433962264151,0.27222995201868055,0.6509433962264151,0.2121904651658145,0.6509433962264151,0.24284621833668693,0.6509433962264151,0.17392990384438814
0.660377358490566,0.05895859762637271,0.660377358490566,0.006853886913580944,0.660377358490566,0.06972503327822664,0.660377358490566,0.07626560065235251,0.660377358490566,0.056668802081136976,0.660377358490566,0.14961710420754096,0.660377358490566,0.09190649868693135,0.660377358490566,0.03333209377066883,0.660377358490566,0.08561567466580021,0.660377358490566,0.10365812981712877,0.660377358490566,0.17517645350900965,0.660377358490566,0.23453838067028426,0.660377358490566,0.19113961177966723,0.660377358490566,0.17653451014650712,0.660377358490566,0.3404737936782772
0.6698113207547169,0.11944684590048898,0.6698113207547169,0.10407947915810092,0.6698113207547169,0.11767725542685051,0.6698113207547169,-0.041730514791900646,0.6698113207547169,0.11495221360489205,0.6698113207547169,0.26245562802698613,0.6698113207547169,0.20924872965742297,0.6698113207547169,0.14551292670600663,0.6698113207547169,0.15356173945742385,0.6698113207547169,0.12694453115833534,0.6698113207547169,0.27425595135226827,0.6698113207547169,0.31792737692248024,0.6698113207547169,0.305448165498792,0.6698113207547169,0.19639630576211017,0.6698113207547169,0.21461737848168225
0.6792452830188679,0.12789420627444648,0.6792452830188679,0.19160750610847693,0.6792452830188679,0.1217680834831865,0.6792452830188679,0.1386451822501694,0.6792452830188679,0.14197018402548683,0.6792452830188679,0.24559841072355196,0.6792452830188679,0.1788118017594888,0.6792452830188679,0.21751818944741302,0.6792452830188679,0.18024105739574117,0.6792452830188679,0.14991291031735327,0.6792452830188679,0.3006912424913165,0.6792452830188679,0.30799730401125075,0.6792452830188679,0.28682694318119706,0.6792452830188679,0.2683274330484384,0.6792452830188679,0.19105361402988535
0.6886792452830188,0.0988861601910822,0.6886792452830188,0.09165215728847138,0.6886792452830188,0.08871700952043297,0.6886792452830188,0.11039079665240717,0.6886792452830188,0.14561673700060987,0.6886792452830188,0.18176464332305312,0.6886792452830188,0.16610107630466772,0.6886792452830188,0.1430880998119302,0.6886792452830188,0.1419057071416459,0.6886792452830188,0.1453764961361153,0.6886792452830188,0.2987129271645004,0.6886792452830188,0.35984285824671103,0.6886792452830188,0.22198476353416946,0.6886792452830188,0.20231990250248583,0.6886792452830188,0.25621912952605724
0.6981132075471698,0.021865887844083266,0.6981132075471698,0.0690873607676703,0.6981132075471698,0.1033874835395578,0.6981132075471698,0.07973855085766762,0.6981132075471698,0.04767457798598274,0.6981132075471698,0.21586421557121477,0.6981132075471698,0.09795111982829924,0.6981132075471698,0.1086239654956098,0.6981132075471698,0.1485728715007514,0.6981132075471698,0.15545043812722478,0.6981132075471698,0.22969875745490495,0.6981132075471698,0.2720743500273992,0.6981132075471698,0.2565498588178241,0.6981132075471698,0.13881532049610334,0.6981132075471698,0.21021388203723407
0.7075471698113207,0.14118041809240897,0.7075471698113207,0.18844778075760477,0.7075471698113207,0.17894290346329553,0.7075471698113207,0.13017789720487885,0.7075471698113207,0.14691797178819166,0.7075471698113207,0.22237771817767307,0.7075471698113207,0.1861253094954219,0.7075471698113207,0.2059321742949051,0.7075471698113207,0.15104748526886133,0.7075471698113207,0.18725249758702556,0.7075471698113207,0.3483177049300157,0.7075471698113207,0.3772767413669009,0.7075471698113207,0.2840977227628128,0.7075471698113207,0.24273567294980747,0.7075471698113207,0.2681497856331429
0.7169811320754716,0.053229160644100916,0.7169811320754716,0.17505955222706704,0.7169811320754716,0.0862014185964714,0.7169811320754716,0.09002888247011177,0.7169811320754716,0.09671294781103273,0.7169811320754716,0.2697630996371803,0.7169811320754716,0.038999893095956195,0.7169811320754716,0.10091050088123414,0.7169811320754716,0.1330785360551415,0.7169811320754716,0.0976140571269915,0.7169811320754716,0.30916808137130786,0.7169811320754716,0.24039056642290732,0.7169811320754716,0.22957297801179372,0.7169811320754716,0.16689587309406428,0.7169811320754716,0.22221210565362334
0.7264150943396226,0.14818453948051077,0.7264150943396226,0.09175451956501021,0.7264150943396226,0.08243898600292011,0.7264150943396226,0.05002435381856039,0.7264150943396226,0.06783431482187681,0.7264150943396226,0.14925491423574394,0.7264150943396226,0.1419778965659647,0.7264150943396226,0.08155364912494452,0.7264150943396226,0.1359271879909066,0.7264150943396226,0.1075490087572385,0.7264150943396226,0.24504814625895424,0.7264150943396226,0.20457361711175143,0.7264150943396226,0.22820793986398075,0.7264150943396226,0.11148790584794784,0.7264150943396226,0.16220750664693126
0.7358490566037735,0.06079114340095377,0.7358490566037735,0.03264221363964995,0.7358490566037735,0.1910136022377917,0.7358490566037735,0.11415591810113136,0.7358490566037735,0.053424256042127596,0.7358490566037735,0.15820958520786868,0.7358490566037735,0.1012339937105593,0.7358490566037735,0.13627956407092626,0.7358490566037735,0.06874652485942008,0.7358490566037735,0.12522184085646662,0.7358490566037735,0.2531341053175915,0.7358490566037735,0.28877494621578403,0.7358490566037735,0.248306094732352,0.7358490566037735,0.21035984711038527,0.7358490566037735,0.17785692589892652
0.7452830188679245,0.06946479976103108,0.7452830188679245,0.02329086856453438,0.7452830188679245,0.05665125168041182,0.7452830188679245,0.10728523025028272,0.7452830188679245,0.09063485130423658,0.7452830188679245,0.14315833569183078,0.7452830188679245,0.13800562348685178,0.7452830188679245,0.12780505993426866,0.7452830188679245,0.0689463888728797,0.7452830188679245,0.15283639991589698,0.7452830188679245,0.2067336661284029,0.7452830188679245,0.2532769716085173,0.7452830188679245,0.19225876198760605,0.7452830188679245,0.16186137641650342,0.7452830188679245,0.29103025171915814
0.7547169811320755,0.11162277860677801,0.7547169811320755,0.14266526131780757,0.7547169811320755,0.07423561828274135,0.7547169811320755,0.11542707173638417,0.7547169811320755,0.032626036381125004,0.7547169811320755,0.3118518817617579,0.7547169811320755,0.12231049325340244,0.7547169811320755,0.15537135990248485,0.7547169811320755,0.1870122062818023,0.7547169811320755,0.16795938152126874,0.7547169811320755,0.32635455204848374,0.7547169811320755,0.27576954554607885,0.7547169811320755,0.22828198797354665,0.7547169811320755,0.25255084611316836,0.7547169811320755,0.20459107482277658
0.7641509433962265,0.10440920671237683,0.7641509433962265,0.07980027545843636,0.7641509433962265,0.06907861302941679,0.7641509433962265,0.06188396331349901,0.7641509433962265,0.12695606704654955,0.7641509433962265,0.21773369962412015,0.7641509433962265,0.12266452152196537,0.7641509433962265,0.09220106202744789,0.7641509433962265,0.1379324713653545,0.7641509433962265,0.07730512269292983,0.7641509433962265,0.2385403157251619,0.7641509433962265,0.27225178608236006,0.7641509433962265,0.21898403523513973,0.7641509433962265,0.13161857213739936,0.7641509433962265,0.18207666433739553
0.7735849056603774,0.02564740141090412,0.7735849056603774,0.08679292373381199,0.7735849056603774,0.07168327563751212,0.7735849056603774,0.00860251664546554,0.7735849056603774,0.012170955760225406,0.7735849056603774,0.14350051700854452,0.7735849056603774,0.06536246053749376,0.7735849056603774,0.13927435859742485,0.7735849056603774,0.12061881703651572,0.7735849056603774,0.03617692477236354,0.7735849056603774,0.20023654593778045,0.7735849056603774,0.18539091902083493,0.7735849056603774,0.15545404010347202,0.7735849056603774,0.1634208530915292,0.7735849056603774,0.10288627181752645
0.7830188679245284,0.0927346657370766,0.7830188679245284,0.08561364310117658,0.7830188679245284,0.06639113609196491,0.7830188679245284,0.07744856101584588,0.7830188679245284,0.018023160849978497,0.7830188679245284,0.13286281072705544,0.7830188679245284,0.09531556301882697,0.7830188679245284,0.1057026783000165,0.7830188679245284,0.023569437893190524,0.7830188679245284,0.10191323544847286,0.7830188679245284,0.13667065124574107,0.7830188679245284,0.15050449045938843,0.7830188679245284,0.17198957159494807,0.7830188679245284,0.1487132373756273,0.7830188679245284,0.11581830458982215
0.7924528301886793,0.10942201366051771,0.7924528301886793,0.06673315775650977,0.7924528301886793,0.1377899675680727,0.7924528301886793,0.04010262064036723,0.7924528301886793,0.07839366781901363,0.7924528301886793,0.1266241004015368,0.7924528301886793,0.10252547604426654,0.7924528301886793,0.10988844001141733,0.7924528301886793,0.11011114483285526,0.7924528301886793,0.10496637588158049,0.7924528301886793,0.21233466856306976,0.7924528301886793,0.21602144558302025,0.7924528301886793,0.16035342970102034,0.7924528301886793,0.183002674299689,0.7924528301886793,0.15436706303763606
0.8018867924528302,0.14682268174272553,0.8018867924528302,0.12052556481615355,0.8018867924528302,0.05553862774159189,0.8018867924528302,0.10840853803861994,0.8018867924528302,0.13138425080194044,0.8018867924528302,0.09641996651539081,0.8018867924528302,0.10927209970916418,0.8018867924528302,0.028607247144816984,0.8018867924528302,0.08515196347935673,0.8018867924528302,0.07945847603088092,0.8018867924528302,0.24883404819749885,0.8018867924528302,0.24236174216281725,0.8018867924528302,0.20318264711551495,0.8018867924528302,0.21443231722841277,0.8018867924528302,0.11751480361465327
0.8113207547169812,0.14419240016410362,0.8113207547169812,0.042765113162513094,0.8113207547169812,0.160214092090624,0.8113207547169812,0.07814180902875102,0.8113207547169812,0.010928281743942437,0.8113207547169812,0.10775889942432353,0.8113207547169812,0.10892492225426988,0.8113207547169812,8.956791219403913e-05,0.8113207547169812,0.08905667130554984,0.8113207547169812,0.09765043085468436,0.8113207547169812,0.19580746737050006,0.8113207547169812,0.17750377091545896,0.8113207547169812,0.24851973383548628,0.8113207547169812,0.17735088436688412,0.8113207547169812,0.11919959806932948
0.8207547169811321,0.07812497176212854,0.8207547169811321,0.14351897698944005,0.8207547169811321,0.07761945839092117,0.8207547169811321,0.11229002237021389,0.8207547169811321,0.16382607660118928,0.8207547169811321,0.2611749976084053,0.8207547169811321,0.10241973573628,0.8207547169811321,0.14068086257831153,0.8207547169811321,0.0796646793911962,0.8207547169811321,0.13385123793135859,0.8207547169811321,0.288636659053186,0.8207547169811321,0.23821958897587192,0.8207547169811321,0.199606687589012,0.8207547169811321,0.11136667554560932,0.8207547169811321,0.16933179051110833
0.8301886792452831,0.045860628108003725,0.8301886792452831,0.08423202355153017,0.8301886792452831,0.03050871027768908,0.8301886792452831,-0.0539334393308388,0.8301886792452831,0.08391765459370899,0.8301886792452831,0.03696277340459839,0.8301886792452831,0.1259192376896721,0.8301886792452831,0.11946948787540143,0.8301886792452831,0.09488746288712939,0.8301886792452831,0.07562073695693909,0.8301886792452831,0.19284723922095284,0.8301886792452831,0.2474535497623744,0.8301886792452831,0.13249545589628026,0.8301886792452831,0.20249232867917266,0.8301886792452831,0.13519071775232944
0.839622641509434,0.08186933481580924,0.839622641509434,0.09546937747777892,0.839622641509434,0.048442048011517566,0.839622641509434,0.08699168780972152,0.839622641509434,0.10065866610943108,0.839622641509434,0.14636847419696383,0.839622641509434,0.12575340216072645,0.839622641509434,0.12132376449551315,0.839622641509434,0.12269209012115749,0.839622641509434,0.17626818762986624,0.839622641509434,0.31387127527411235,0.839622641509434,0.3079331230192281,0.839622641509434,0.26653772325985436,0.839622641509434,0.1271015305109518,0.839622641509434,0.22016422986380377
0.8490566037735849,0.08621342047335037,0.8490566037735849,0.0651876696633582,0.8490566037735849,0.046928150938751585,0.8490566037735849,0.15125435451823796,0.8490566037735849,0.0948648331362146,0.8490566037735849,0.15681002814174103,0.8490566037735849,0.1785922466840003,0.8490566037735849,0.11239717986057396,0.8490566037735849,0.11007806089141643,0.8490566037735849,0.07950849844199306,0.8490566037735849,0.28292973120473314,0.8490566037735849,0.23647609738740374,0.8490566037735849,0.20755423889742922,0.8490566037735849,0.2164006088253851,0.8490566037735849,0.16067786196894904
0.8584905660377359,0.049530566255657146,0.8584905660377359,0.014962089372024364,0.8584905660377359,0.09189413300821798,0.8584905660377359,0.05642281623144018,0.8584905660377359,0.007538713360919336,0.8584905660377359,0.16499519301035956,0.8584905660377359,0.0943866373463775,0.8584905660377359,0.12068267101146062,0.8584905660377359,0.057383883172170566,0.8584905660377359,0.08351255094889624,0.8584905660377359,0.24577455870779846,0.8584905660377359,0.15331539348029322,0.8584905660377359,0.18473578603705276,0.8584905660377359,0.06288709748816279,0.8584905660377359,0.1264834056393499
0.8679245283018868,0.03582033308996957,0.8679245283018868,0.05196220817306149,0.8679245283018868,0.17342350419785196,0.8679245283018868,0.05738938696032827,0.8679245283018868,0.09763178279615033,0.8679245283018868,0.19761060382265339,0.8679245283018868,0.1259816475327795,0.8679245283018868,0.08044659538879016,0.8679245283018868,0.08023620161127162,0.8679245283018868,0.1538196591730094,0.8679245283018868,0.24448350670684807,0.8679245283018868,0.22980460255249693,0.8679245283018868,0.17564963965169614,0.8679245283018868,0.2019252916406083,0.8679245283018868,0.21418633784112556
0.8773584905660378,0.10650848400379141,0.8773584905660378,0.07310655742704564,0.8773584905660378,0.09683423482241268,0.8773584905660378,0.12820935576467907,0.8773584905660378,0.07300980080618712,0.8773584905660378,0.15483724553367362,0.8773584905660378,0.13153868499792543,0.8773584905660378,0.06788124435055015,0.8773584905660378,0.1352033625913326,0.8773584905660378,0.1713944859767903,0.8773584905660378,0.23903005737030472,0.8773584905660378,0.20510458475108878,0.8773584905660378,0.18085806490502324,0.8773584905660378,0.10899381045727599,0.8773584905660378,0.15349284105410319
0.8867924528301887,0.1231461682426414,0.8867924528301887,0.0913210856417038,0.8867924528301887,0.022211835773260396,0.8867924528301887,0.06252187258714001,0.8867924528301887,0.12398547595690192,0.8867924528301887,0.19536754016425611,0.8867924528301887,0.16523730130804926,0.8867924528301887,0.11047449299482615,0.8867924528301887,0.0691929977057527,0.8867924528301887,0.05685040344305306,0.8867924528301887,0.23843923947109655,0.8867924528301887,0.206338675882508,0.8867924528301887,0.16696958365459677,0.8867924528301887,0.13228636266451904,0.8867924528301887,0.07687292852586106
0.8962264150943396,0.13437818872882623,0.8962264150943396,0.10010158525956608,0.8962264150943396,0.10820600672079347,0.8962264150943396,0.07611360774282651,0.8962264150943396,0.11202023917046318,0.8962264150943396,0.11867754748437978,0.8962264150943396,0.132610539807784,0.8962264150943396,0.12888203919746724,0.8962264150943396,0.04487665004590513,0.8962264150943396,0.07764624040817186,0.8962264150943396,0.2612932294703823,0.8962264150943396,0.26133487170636605,0.8962264150943396,0.15972980443223053,0.8962264150943396,0.11326821350527473,0.8962264150943396,0.12148759488773408
0.9056603773584906,0.042508781796979395,0.9056603773584906,0.1026851201648094,0.9056603773584906,0.10141051510356908,0.9056603773584906,0.06485128888913447,0.9056603773584906,0.0023594422834135047,0.9056603773584906,0.1088008898385899,0.9056603773584906,0.14071369134419906,0.9056603773584906,0.14283736263328628,0.9056603773584906,0.10093601308779501,0.9056603773584906,0.12053335905333551,0.9056603773584906,0.25023481489032734,0.9056603773584906,0.2531074253885669,0.9056603773584906,0.09646077136087937,0.9056603773584906,0.14032515492469996,0.9056603773584906,0.15823359930153683
0.9150943396226415,0.04556361031337552,0.9150943396226415,-0.014773331666945156,0.9150943396226415,0.10707965105866073,0.9150943396226415,0.05838153975710959,0.9150943396226415,0.06951781023304518,0.9150943396226415,0.07720047943334145,0.9150943396226415,0.10106544606021234,0.9150943396226415,0.09256090415194496,0.9150943396226415,0.10239329914459828,0.9150943396226415,0.04317945027682101,0.9150943396226415,0.18493500379247105,0.9150943396226415,0.2273306687470548,0.9150943396226415,0.17354459675116787,0.9150943396226415,0.11533967255857916,0.9150943396226415,0.09584235044219844
0.9245283018867925,0.10780733229535486,0.9245283018867925,0.1570828417495682,0.9245283018867925,0.07127810478961033,0.9245283018867925,0.08880620300258263,0.9245283018867925,0.011207708990623455,0.9245283018867925,0.20345896564712615,0.9245283018867925,0.16033987261329263,0.9245283018867925,0.11552122511064318,0.9245283018867925,0.07040597809031042,0.9245283018867925,0.07331217982090184,0.9245283018867925,0.2162793209027321,0.9245283018867925,0.21716797477167918,0.9245283018867925,0.16153983060650287,0.9245283018867925,0.15033385804068117,0.9245283018867925,0.13181823454541053
0.9339622641509434,0.08864414326796902,0.9339622641509434,0.09902074625617893,0.9339622641509434,0.12393889610676533,0.9339622641509434,0.16420884014519924,0.9339622641509434,0.18603863953610184,0.9339622641509434,0.20942962417104757,0.9339622641509434,0.12818977707253865,0.9339622641509434,0.12667658550055963,0.9339622641509434,0.1432582101410152,0.9339622641509434,0.15392282924616144,0.9339622641509434,0.3697729309492402,0.9339622641509434,0.2959234358941444,0.9339622641509434,0.27993692524043484,0.9339622641509434,0.19491862989159187,0.9339622641509434,0.20903092922640445
0.9433962264150944,0.15151307230687325,0.9433962264150944,0.12412472660240581,0.9433962264150944,0.08693430903008789,0.9433962264150944,0.09940962752777212,0.9433962264150944,0.09065757902447287,0.9433962264150944,0.1935929686758337,0.9433962264150944,0.14593045860991086,0.9433962264150944,0.17926071924608442,0.9433962264150944,0.14910439055274455,0.9433962264150944,0.14164043983866825,0.9433962264150944,0.3603740574476419,0.9433962264150944,0.3160802700114712,0.9433962264150944,0.25916194150839994,0.9433962264150944,0.22869904417239992,0.9433962264150944,0.10463889435510466
0.9528301886792453,0.05720035828546582,0.9528301886792453,0.037900699792925596,0.9528301886792453,0.11329610655639195,0.9528301886792453,0.10075244737442644,0.9528301886792453,0.07396528021340605,0.9528301886792453,0.14954846036770394,0.9528301886792453,0.1623736933167568,0.9528301886792453,0.07131826085473,0.9528301886792453,0.09483621421969007,0.9528301886792453,0.0779021884062988,0.9528301886792453,0.23371027457213547,0.9528301886792453,0.19330518292983612,0.9528301886792453,0.18374009887679288,0.9528301886792453,0.1871033829404034,0.9528301886792453,0.11922585553844069
0.9622641509433962,0.09711000548321375,0.9622641509433962,0.07334224744413514,0.9622641509433962,0.10887494823323568,0.9622641509433962,0.11390023575867601,0.9622641509433962,0.12169300365610855,0.9622641509433962,0.1875688450334528,0.9622641509433962,0.08200749919497669,0.9622641509433962,0.19482029166362644,0.9622641509433962,0.12105345850476211,0.9622641509433962,0.1114937914678402,0.9622641509433962,0.2619112746593844,0.9622641509433962,0.24292908414925898,0.9622641509433962,0.12139365519643466,0.9622641509433962,0.15870567335684738,0.9622641509433962,0.10235355037257735
0.9716981132075472,0.0056726254916219885,0.9716981132075472,0.10149937371523911,0.9716981132075472,0.052824516953311904,0.9716981132075472,0.10762749417666487,0.9716981132075472,0.1489928353816467,0.9716981132075472,0.1730460998047985,0.9716981132075472,0.15017221865205288,0.9716981132075472,0.16702874117159502,0.9716981132075472,0.08221722887863148,0.9716981132075472,0.042154025699300324,0.9716981132075472,0.2483110970525761,0.9716981132075472,0.19703515346875544,0.9716981132075472,0.14075492521593594,0.9716981132075472,0.07525698565001745,0.9716981132075472,0.14784956253604375
0.9811320754716981,0.19292815668709304,0.9811320754716981,0.16179082373597684,0.9811320754716981,0.16775967266135433,0.9811320754716981,0.1491202308079504,0.9811320754716981,0.0758318297844086,0.9811320754716981,0.1916023488052089,0.9811320754716981,0.17447807599316845,0.9811320754716981,0.15214059088486645,0.9811320754716981,0.10599872427035889,0.9811320754716981,0.13903498957708743,0.9811320754716981,0.2882349332161705,0.9811320754716981,0.27178205045982423,0.9811320754716981,0.22863773511444263,0.9811320754716981,0.17331404806316922,0.9811320754716981,0.20344900635188037
0.9905660377358491,0.07827061060103163,0.9905660377358491,0.07174013699596435,0.9905660377358491,0.12594834286152934,0.9905660377358491,0.14410117284145882,0.9905660377358491,0.1904673532169784,0.9905660377358491,0.10680131156251042,0.9905660377358491,0.13732437838473294,0.9905660377358491,0.07719692379011418,0.9905660377358491,0.10501087580522918,0.9905660377358491,0.15639974872727821,0.9905660377358491,0.2710846053603041,0.9905660377358491,0.23395834102745067,0.9905660377358491,0.2182344910761622,0.9905660377358491,0.18099614995105032,0.9905660377358491,0.18150166983261057
1.0,0.09576987113304104,1.0,0.018765172565704483,1.0,0.07960024404357931,1.0,0.0823405932936038,1.0,0.03525356905596288,1.0,0.07035913716079462,1.0,0.01954990874635822,1.0,0.0587707733279172,1.0,0.1061967583960186,1.0,-0.0017502076036513075,1.0,0.12856255968064637,1.0,0.18565550241675402,1.0,0.17639292028737125,1.0,0.07418210054343184,1.0,0.10325493346924129
